title,price,image_url,description,main_category,sub_category
Matcha Burnt Cheesecake,55000,http://product.hstatic.net/1000075078/product/1743674607_matcha-burnt-cheesecake_2b4a68367fb64d0fb9bb7eed5ca116f7_grande.png,"Hòa quyện giữa phô mai béo ngậy và trà xanh đắng nhẹ, thơm lừng, tinh tế khó cưỡng.",Bánh,Bánh ngọt
Burnt Cheesecake,55000,http://product.hstatic.net/1000075078/product/1743674500_burnt-cheesecake_3ca2f1483b034c3a9192a07e6b2f3b81_grande.png,"Phô mai béo mịn, thơm lừng với lớp vỏ cháy xém đặc trưng, tan chảy ngay đầu lưỡi.",Bánh,Bánh ngọt
Latte Classic,55000,http://product.hstatic.net/1000075078/product/1746439218_latte-classic_e216596a8267420b9e55714322ac2d8f_grande.png,"Latte Đá là sự kết hợp hoàn hảo giữa espresso đậm đà và sữa tươi béo ngậy, tạo ra một hương vị dịu nhẹ, không quá đắng nhưng vẫn giữ được sự đậm đà của cà phê. Khi thêm đá lạnh, Latte Đá mang lại cảm giác mát lạnh, dễ uống, rất thích hợp cho những ngày nóng. Hương vị của sữa tươi hòa quyện với cà phê tạo nên một thức uống thơm ngon, thanh mát nhưng vẫn đầy đủ độ béo và sự ngọt nhẹ.",Cà phê,Cà phê máy
Latte Bạc Xỉu,49000,http://product.hstatic.net/1000075078/product/1746441267_latte-bac-xiu_a6fe420fef6f4ec7a2e4f87e9e03ef4b_grande.png,"Latte Bạc Xỉu là sự kết hợp giữa Espresso, sữa tươi béo ngậy và cà phê phin đậm đà, tạo ra một hương vị vừa ngọt nhẹ, vừa đậm đà, dễ uống và mát lạnh.",Cà phê,Cà phê máy
Latte Coconut,59000,http://product.hstatic.net/1000075078/product/1746441318_latte-coconut_1a5187bb0e9f4e8abe8898129d42f44d_grande.png,"Latte Coconut là sự kết hợp hoàn hảo giữa Espresso đậm đà, sữa tươi béo ngậy, nước cốt dừa thơm mát và sữa đặc ngọt ngào, tạo nên một hương vị béo ngậy, ngọt nhẹ và mát lạnh. Thức uống này mang đến cảm giác tươi mới và dễ chịu, với hương dừa đặc trưng hòa quyện cùng cà phê và sữa đặc tạo nên sự hoàn hảo.",Cà phê,Cà phê máy
Latte Hazelnut,59000,http://product.hstatic.net/1000075078/product/1746441372_halzenut-latte_3ef994056c3b4765a600e853f6cca72d_grande.png,"Latte Hazelnut là sự kết hợp giữa Espresso đậm đà, sữa tươi béo ngậy, và syrup hạt phỉ ngọt nhẹ, mang đến một hương vị thơm lừng, béo ngậy và mát lạnh. Thức uống này mang đến sự hòa quyện hoàn hảo giữa cà phê và hương vị hạt phỉ, tạo nên một trải nghiệm dễ chịu và thơm ngon.",Cà phê,Cà phê máy
Latte Caramel,59000,http://product.hstatic.net/1000075078/product/1746441451_caramel-coffee_dc2004f6d8144f2f8b7512ba95319ef7_grande.png,"Latte Caramel là sự kết hợp giữa Espresso đậm đà, sữa tươi béo ngậy, và syrup caramel ngọt ngào, mang đến một hương vị thơm lừng, ngọt nhẹ và mát lạnh. Thức uống này tạo nên sự hài hòa giữa cà phê đậm và vị ngọt của caramel, đem lại cảm giác dễ chịu và thú vị.",Cà phê,Cà phê máy
Latte Almond,59000,http://product.hstatic.net/1000075078/product/1746441513_almond-coffee_f0797787534a473ea51f29afaadf37d3_grande.png,"Latte Almond là sự kết hợp giữa Espresso đậm đà, sữa tươi béo ngậy, và syrup hạnh nhân thơm lừng, mang đến một hương vị ngọt nhẹ, béo ngậy và mát lạnh. Thức uống này tạo nên sự hòa quyện tuyệt vời giữa cà phê và vị hạnh nhân đặc trưng, đem lại cảm giác dễ chịu và độc đáo.",Cà phê,Cà phê máy
Frosty Cà Phê Đường Đen,59000,http://product.hstatic.net/1000075078/product/1737355743_fosty-duong-den_f31a38a3c6e74a7d98dfdae76aaf4d7e_grande.png,"Đá Xay Frosty Cà Phê Đường Đen mát lạnh, sảng khoái ngay từ ngụm đầu tiên nhờ sự kết hợp vượt chuẩn vị quen giữa Espresso đậm đà và Đường Đen ngọt thơm. Đặc biệt, whipping cream beo béo cùng thạch cà phê giòn dai, đậm vị nhân đôi sự hấp dẫn, khơi bừng sự hứng khởi trong tích tắc.",Thức uống đá xay,Đá xay
Frosty Caramel Arabica,59000,http://product.hstatic.net/1000075078/product/1737355751_fosty-caramel-arabica_bbffff2aa4464c3195fcc9fabf02a1d3_grande.png,"Caramel ngọt thơm quyện cùng cà phê Arabica Cầu Đất đượm hương gỗ thông, hạt dẻ và nốt sô cô la đặc trưng tạo nên Đá Xay Frosty Caramel Arabica độc đáo chỉ có tại Nhà. Cực cuốn với lớp whipping cream béo mịn, thêm thạch cà phê giòn ngon bắt miệng.",Thức uống đá xay,Đá xay
Frosty Bánh Kem Dâu,59000,http://product.hstatic.net/1000075078/product/1737355736_fosty-banh-kem-dau_fa9000774ec540a39a100cd389a622c1_grande.png,"Bồng bềnh như một đám mây, Đá Xay Frosty Bánh Kem Dâu vừa ngon mắt vừa chiều vị giác bằng sự ngọt ngào. Bắt đầu bằng cái chạm môi với lớp kem whipping cream, cảm nhận ngay vị beo béo lẫn sốt dâu thơm lừng. Sau đó, hút một ngụm là cuốn khó cưỡng bởi đá xay mát lạnh quyện cùng sốt dâu ngọt dịu. Lưu ý: Khuấy đều phần đá xay trước khi dùng",Thức uống đá xay,Đá xay
Frosty Phin-Gato,55000,http://product.hstatic.net/1000075078/product/1737355760_fosty-phin-gato_6ede765c7fdb4a7883bc7126619929d0_grande.png,"Đá Xay Frosty Phin-Gato là lựa chọn không thể bỏ lỡ cho tín đồ cà phê. Cà phê nguyên chất pha phin truyền thống, thơm đậm đà, đắng mượt mà, quyện cùng kem sữa béo ngậy và đá xay mát lạnh. Nhân đôi vị cà phê nhờ có thêm thạch cà phê đậm đà, giòn dai. Thức uống khơi ngay sự tỉnh táo tức thì. Lưu ý: Khuấy đều phần đá xay trước khi dùng",Thức uống đá xay,Đá xay
Frappe Choco Chip,65000,http://product.hstatic.net/1000075078/product/1746460836_choco-chip-frappe_81622b7415704acdb45538b7c621acab_grande.png,"Frappe Choco Chip, thử là đã! Lớp whipping cream bồng bềnh, beo béo lại có thêm bột sô cô la và sô cô la chip trên cùng. Gấp đôi vị ngon với sô cô la thật xay với đá sánh mịn, đậm đà đến tận ngụm cuối cùng.",Thức uống đá xay,Đá xay có lớp whipping cream
Frappe Hazelnut,65000,http://product.hstatic.net/1000075078/product/1746443470_halzenut-frappe_2bf7cd6836de4d9392496214efbe0915_grande.png,"Frappe Hazelnut kết hợp cà phê đậm đà với hạt phỉ (hazelnut), mang đến một món thức uống vừa có hương vị cà phê mạnh mẽ, vừa có sự thơm ngọt đặc trưng từ hạt phỉ. Vị bùi bùi của hạt phỉ giúp làm dịu độ đắng của cà phê, tạo nên một sự kết hợp hài hòa, hoàn hảo cho những ai yêu thích hương nutty.",Thức uống đá xay,Đá xay có lớp whipping cream
Frappe Caramel,65000,http://product.hstatic.net/1000075078/product/1746443362_caramel-frappe_f0d3bf8ea1914497bf9a93799ea04303_grande.png,"Frappe Caramel kết hợp cà phê đậm đà với caramel ngọt ngào, tạo ra một món thức uống vừa có độ đắng nhẹ của cà phê, vừa có sự ngọt ngào, béo ngậy từ caramel. Thức uống này rất thích hợp cho những ai yêu thích sự kết hợp giữa vị cà phê đậm và vị ngọt béo của caramel, tạo cảm giác thư giãn, dễ chịu.",Thức uống đá xay,Đá xay có lớp whipping cream
Frappe Almond,65000,http://product.hstatic.net/1000075078/product/1746443342_almond-frappe_fc2ee816d45c48da9df254272fa54e2f_grande.png,"Frappe Almond là sự kết hợp giữa cà phê đậm đà và hạnh nhân xay, tạo ra một món thức uống vừa có vị cà phê mạnh mẽ, vừa thơm bùi với hương vị ngọt nhẹ của hạnh nhân. Được xay với đá, món này mang lại cảm giác mát lạnh, dễ uống, phù hợp cho những ai yêu thích sự sang trọng và tinh tế trong hương vị.",Thức uống đá xay,Đá xay có lớp whipping cream
Frappe Espresso,65000,http://product.hstatic.net/1000075078/product/1746442507_coffee-frappe_2d610df6ad7c43cd91664994ed7d3eb5_grande.png,"Frappe Espresso là một món đồ uống cơ bản nhưng không kém phần hấp dẫn, kết hợp cà phê đậm đà, đá xay, và sữa, mang đến một thức uống ngọt ngào, mát lạnh. Đây là lựa chọn lý tưởng cho những tín đồ cà phê thuần túy, thích hương vị mạnh mẽ nhưng dễ uống, không quá ngọt.",Thức uống đá xay,Đá xay có lớp whipping cream
Frappe Coconut Coffee,65000,http://product.hstatic.net/1000075078/product/1746442420_coconut-frappe_9c3fd3c2cb9f41ad8445e8709a76c162_grande.png,"Frappe Coconut Coffee kết hợp cà phê đậm đà với dừa tươi, mang lại một món thức uống có sự kết hợp hoàn hảo giữa vị cà phê mạnh mẽ và hương dừa thơm mát, tạo cảm giác tươi mới và sảng khoái. Đây là một lựa chọn tuyệt vời cho những ai yêu thích sự mới mẻ, tươi ngon và không quá đắng.",Thức uống đá xay,Đá xay có lớp whipping cream
Frappe Matcha,69000,http://product.hstatic.net/1000075078/product/1746441845_matcha-frappe_bc025cb542b146d1aadbd91fe61c6f09_grande.png,"Frappe Matcha kết hợp trà xanh matcha xay mịn với sữa và đá xay, mang lại một thức uống mát lạnh với hương vị thanh nhẹ đặc trưng của trà xanh. Sự kết hợp này mang đến cảm giác thư giãn, dễ chịu nhưng vẫn có chút đắng nhẹ của matcha, hoàn hảo cho những ai muốn thưởng thức một món đồ uống không quá ngọt.",Thức uống đá xay,Đá xay có lớp whipping cream
Frosty Trà Xanh,59000,http://product.hstatic.net/1000075078/product/1737355584_frosty-tx_51735bfa96864aea91096a182abc12fe_grande.png,"Đá Xay Frosty Trà Xanh như lời mời mộc mạc, ghé thăm Tây Bắc vào những ngày tiết trời se lạnh, núi đèo mây phủ. Vị chát dịu, ngọt thanh của trà xanh Tây Bắc kết hợp đá xay sánh mịn, whipping cream bồng bềnh và bột trà xanh trên cùng thêm đậm vị. Đây không chỉ là thức uống mát lạnh bật mood, mà còn tốt cho sức khoẻ nhờ giàu vitamin và các chất chống oxy hoá.",Thức uống đá xay,Đá xay
Cà Phê Nguyên Hạt Arabica TCH (200gr),100000,http://product.hstatic.net/1000075078/product/1737355868_cpg-cf-arabica_5519e8c84bcd4f1cb239d428d07feee5_grande.png,"The Coffee House gửi bạn hương vị cà phê từ 100% hạt Arabica, được chọn lọc kỹ lưỡng tại vùng Cầu Đất, với độ cao 1650m. Với vị đắng nhẹ, hậu vị chua thanh, ngọt dịu, Cà phê nguyên hạt Arabica từ The Coffee House sẽ giúp bạn tạo ra những tách cà phê cold brew hay hand brew tinh tế yêu thích của riêng mình.",Cà phê gói mang đi,
Espresso Đá,45000,http://product.hstatic.net/1000075078/product/1745221747_1737357429-espresso-da-400x400_7e353674a6d544aebc88e7dc253ca9e4_grande.png,"Một tách Espresso nguyên bản được bắt đầu bởi những hạt Arabica chất lượng, phối trộn với tỉ lệ cân đối hạt Robusta, cho ra vị ngọt caramel, vị chua dịu và sánh đặc.",Cà phê,Espresso
Cold Brew Kim Quất,49000,http://product.hstatic.net/1000075078/product/1745224178_1737357515-coldbrew-kim-quat-400x400_25f41510fc4c4b68a6a3163f2d0fc6d6_grande.png,"Vị chua ngọt của Kim Quất làm dậy lên hương vị trái cây tự nhiên vốn sẵn có trong hạt cà phê Arabica Cầu Đất, mang đến một ly Cold Brew vừa nhẹ nhàng và thanh mát, đã khát ngày hè.",Cà phê,Cold Brew
Cold Brew Sữa Tươi,49000,http://product.hstatic.net/1000075078/product/1745222474_1737357498-coldbrew-sua-tuoi-400x400_65881a5fc2d14e8d93f4098b9e81a5f8_grande.png,"Thanh mát và cân bằng với hương vị cà phê nguyên bản 100% Arabica Cầu Đất cùng sữa tươi thơm béo cho từng ngụm tròn vị, hấp dẫn.",Cà phê,Cold Brew
Cold Brew Truyền Thống,45000,http://product.hstatic.net/1000075078/product/1745222087_1737357505-coldbrew-classic-400x400_64577c5b715c4039a63d7546868864cd_grande.png,"Tại The Coffee House, Cold Brew được ủ và phục vụ mỗi ngày từ 100% hạt Arabica Cầu Đất với hương gỗ thông, hạt dẻ, nốt sô-cô-la đặc trưng, thoang thoảng hương khói nhẹ giúp Cold Brew giữ nguyên vị tươi mới.",Cà phê,Cold Brew
Matcha Yuzu Đá Xay,59000,http://product.hstatic.net/1000075078/product/1745246609_matcha-yuzu-da-xay_90c2139a8a4241d99114d219ccddbffd_grande.png,"Matcha Nhật Bản hòa quyện Yuzu chua dịu và đá xay mát lạnh, tạo nên thức uống sảng khoái, giải nhiệt cực đã.",Matcha,
Matcha Yuzu,55000,http://product.hstatic.net/1000075078/product/1745246622_matcha-yuzu_e77064cb2ddb4d9db0aa5a1f66075422_grande.png,"Matcha Nhật Bản đậm vị kết hợp Yuzu tươi mát, chua dịu, tạo nên hương vị thanh mát và tươi mới.",Matcha,
Matcha Đào Đá Xay,59000,http://product.hstatic.net/1000075078/product/1745246637_matcha-dao-da-xay_3a33d27eeded4d35aeeaa93e8687f88b_grande.png,"Matcha Nhật Bản và đào chín mọng xay nhuyễn, mang đến phiên bản đá xay mát lạnh, sảng khoái và đầy hương vị.",Matcha,
Matcha Đào,55000,http://product.hstatic.net/1000075078/product/1745246651_matcha-dao_8c749d752e0d4d2b85f0a03310bd1379_grande.png,"Matcha Nhật Bản nguyên bản hòa quyện đào chín mọng, tạo nên hương vị tươi mát, cân bằng giữa vị matcha dịu nhẹ và độ ngọt tự nhiên của trái cây tươi.",Matcha,
Matcha Okinawa Trân Châu Hoàng Kim,65000,http://product.hstatic.net/1000075078/product/1745246677_matcha-dao-copy_ab2fbd66086240d7a49804ee1d317cbf_grande.png,"Matcha Nhật Bản kết hợp đường đen Okinawa, sữa béo nhẹ và trân châu hoàng kim mềm dẻo, tạo nên hương vị đậm đà, ngọt ngào nhưng vẫn thanh mát.",Matcha,
Matcha Sữa Dừa Đá Xay,59000,http://product.hstatic.net/1000075078/product/1745246693_matcha-dua-da-xay_9c573203163a4719abe769c5186e0151_grande.png,"Matcha Nhật Bản đậm vị kết hợp sữa dừa béo thơm, xay nhuyễn cùng đá lạnh, tạo nên thức uống mát lạnh, tan ngay từ ngụm đầu tiên.",Matcha,
Matcha Sữa Dừa,55000,http://product.hstatic.net/1000075078/product/1745246706_matcha-sua-dua_d3e07f1123d94de7a5b6df79e6ba6d88_grande.png,"Matcha Nhật Bản nguyên chất hòa cùng sữa dừa béo thơm, tạo nên ly latte êm mượt nhưng vẫn đậm đà, mang hương vị tự nhiên đầy thú vị.",Matcha,
Matcha Latte,55000,http://product.hstatic.net/1000075078/product/1745246722_matcha-latte_805657f9e18948e6a6218bbce3e8fbe4_grande.png,"Matcha Nhật Bản hảo hạng kết hợp sữa tươi mịn màng, cân bằng vị umami thanh nhẹ và độ béo dịu, mang đến thức uống thơm ngon, đầy năng lượng.",Matcha,
Matcha Tinh Khiết,49000,http://product.hstatic.net/1000075078/product/1745246736_matcha-tinh-khiet_fecd3381031d43859cefb802337057bf_grande.png,"Matcha nguyên chất 100% từ Nhật Bản, không đường, không sữa, giữ trọn hương vị nguyên bản đậm đà.",Matcha,
Bạc Xỉu Foam Dừa,45000,http://product.hstatic.net/1000075078/product/1744030643_bac-xiu-foam-dua_84db05a50ca44085b6c147e8c6df0e68_grande.png,"Bạc Xỉu Foam Dừa với phiên bản cà phê phin mới được tinh chỉnh, kết hợp giữa Robusta đậm đà và Arabica thơm dịu, hòa quyện cùng sữa đặc béo ngọt, sữa tươi mượt mà để cân bằng vị. Điểm nhấn chính là lớp foam kem dừa bồng bềnh, thơm béo, khiến mỗi ngụm đều tròn vị và khó quên.",Cà phê,Cà phê phin
Bạc Xỉu Caramel Muối,45000,http://product.hstatic.net/1000075078/product/1744095866_bac-xiu-caramel-muoi_105aa977f7c146ba92aea4ac1ecdfa53_grande.png,"Bạc Xỉu Caramel Muối với phiên bản cà phê phin mới được tinh chỉnh, kết hợp giữa Robusta đậm đà và Arabica thơm dịu, hòa quyện cùng kem sữa béo mịn, sữa tươi cân bằng vị và xốt caramel mằn mặn, tạo nên lớp hương ngọt ngào nhưng không gắt, béo nhưng không ngấy.",Cà phê,Cà phê phin
A-Mê Tuyết Quất,59000,http://product.hstatic.net/1000075078/product/1744031754_1737355048-ame-tuyet-quat-400x400_235c2f23c8ed4bc08c1867a69fdfb6bf_grande.png,"Đá tuyết Quất thơm mát, kết hợp cùng Americano đắng nhẹ. Uống là mê! *Khuấy đều để thưởng thức trọn vị",Cà phê,A-Mê
A-Mê Tuyết Mơ,59000,http://product.hstatic.net/1000075078/product/1744031902_1737355037-ame-tuyet-mo-400x400_2b28efaf3fbe455f94bb1eb14eaff169_grande.png,"Đá tuyết Mơ thanh mát, kết hợp cùng Americano đắng nhẹ. Uống là mê! *Khuấy đều để thưởng thức trọn vị",Cà phê,A-Mê
A-Mê Tuyết Đào,59000,http://product.hstatic.net/1000075078/product/1744031998_1737355030-ame-tuyet-dao-400x400_8825471960aa46ea8415bfca5fd92a09_grande.png,"Đá tuyết Đào tươi mát, kết hợp cùng Americano đắng nhẹ. Uống là mê! *Khuấy đều để thưởng thức trọn vị",Cà phê,A-Mê
A-Mê Quất,49000,http://product.hstatic.net/1000075078/product/1744032124_1737355011-ame-quat-400x400_42e186d72e244f29ba1934ce7c73a047_grande.png,"Mê tít với Americano từ 100% Arabica kết hợp cùng Quất chua dịu, sảng khoái tức thì. *Khuấy đều để thưởng thức trọn vị",Cà phê,A-Mê
A-Mê Mơ,45000,http://product.hstatic.net/1000075078/product/1744032263_1737355001-ame-mo-400x400_5455af139f0a4ad1b6b14cae75113fd3_grande.png,"Mê say với Americano từ 100% Arabica kết hợp cùng Mơ chua ngọt, tươi mới mỗi ngày. *Khuấy đều để thưởng thức trọn vị",Cà phê,A-Mê
A-Mê Đào,49000,http://product.hstatic.net/1000075078/product/1744032353_1737354990-ame-dao-400x400_f9479fc8e2dd4e9384ae6806aec40ddf_grande.png,"Mê ly với Americano từ 100% Arabica kết hợp cùng Đào ngọt thanh, dậy vị tươi mát.",Cà phê,A-Mê
A-Mê Classic,39000,http://product.hstatic.net/1000075078/product/1744032449_1737354959-ame-classic-400x400_ceed5d016d824a75bcea5645b16758cb_grande.png,"Thức uống Americano nguyên bản từ 100% Arabica, tươi tỉnh tức thì. Uống là mê!",Cà phê,A-Mê
Đường Đen Sữa Đá,45000,http://product.hstatic.net/1000075078/product/1737357048_uong-den-sua-da_5876b3829fe94af788996ca234a7894f_grande.png,"Nếu chuộng vị cà phê đậm đà, bùng nổ và thích vị đường đen ngọt thơm, Đường Đen Sữa Đá đích thị là thức uống dành cho bạn. Không chỉ giúp bạn tỉnh táo buổi sáng, Đường Đen Sữa Đá còn hấp dẫn đến ngụm cuối cùng bởi thạch cà phê giòn dai, nhai cực cuốn. Khuấy đều trước khi sử dụng",Cà phê,Cà phê phin
Hi-Tea Yuzu Kombucha,59000,http://product.hstatic.net/1000075078/product/1737365850_hi-tea-yuzu-kombucha-1_792aedbea6f8441781d77443713933ef_grande.png,"Trà hoa Hibiscus 0% caffeine thanh mát, hòa quyện cùng trà lên men Kombucha 100% tự nhiên và mứt Yuzu Marmalade (quýt Nhật) mang đến hương vị chua chua lạ miệng. Đặc biệt, Hi-Tea Yuzu Kombucha cực hợp cho team thích detox, muốn sáng da nhờ Kombucha Detox nhiều chất chống oxy hoá cùng Yuzu giàu vitamin C. Lưu ý: Khuấy đều trước khi dùng",Trà trái cây - Hi Tea,Hi Tea
Hi-Tea Đào Kombucha,59000,http://product.hstatic.net/1000075078/product/1737365858_hi-tea-dao-kombucha-1_6e83f0da004542e4bffc4c8731bef9cc_grande.png,"Trà hoa Hibiscus 0% caffeine chua nhẹ, kết hợp cùng trà lên men Kombucha hoàn toàn tự nhiên và Đào thanh mát tạo nên Hi-Tea Đào Kombucha chua ngọt cực cuốn. Đặc biệt Kombucha Detox giàu axit hữu cơ, Đào nhiều chất xơ giúp thanh lọc cơ thể và hỗ trợ giảm cân hiệu quả. Lưu ý: Khuấy đều trước khi dùng",Trà trái cây - Hi Tea,Hi Tea
Oolong Tứ Quý Sen,49000,http://product.hstatic.net/1000075078/product/1737356345_oolong-sen_d10cade0d3144d929a271638421d5e2a_grande.png,"Nền trà oolong hảo hạng kết hợp cùng hạt sen tươi, bùi bùi và lớp foam cheese béo ngậy. Trà hạt sen là thức uống thanh mát, nhẹ nhàng phù hợp cho cả buổi sáng và chiều tối.",Trà trái cây - Hi Tea,Trà trái cây
Frosty Cà Phê Đường Đen,59000,http://product.hstatic.net/1000075078/product/1737355743_fosty-duong-den_f3d909d7434e4717969e3d3f1fa27443_grande.png,"Đá Xay Frosty Cà Phê Đường Đen mát lạnh, sảng khoái ngay từ ngụm đầu tiên nhờ sự kết hợp vượt chuẩn vị quen giữa Espresso đậm đà và Đường Đen ngọt thơm. Đặc biệt, whipping cream beo béo cùng thạch cà phê giòn dai, đậm vị nhân đôi sự hấp dẫn, khơi bừng sự hứng khởi trong tích tắc.",Thức uống đá xay,Đá xay
Frosty Caramel Arabica,59000,http://product.hstatic.net/1000075078/product/1737355751_fosty-caramel-arabica_298a010dfbc24cc3a57870bf994cbc1e_grande.png,"Caramel ngọt thơm quyện cùng cà phê Arabica Cầu Đất đượm hương gỗ thông, hạt dẻ và nốt sô cô la đặc trưng tạo nên Đá Xay Frosty Caramel Arabica độc đáo chỉ có tại Nhà. Cực cuốn với lớp whipping cream béo mịn, thêm thạch cà phê giòn ngon bắt miệng.",Thức uống đá xay,Đá xay
Frosty Phin-Gato,55000,http://product.hstatic.net/1000075078/product/1737355760_fosty-phin-gato_33081ce89cea40deb1160c10208fb466_grande.png,"Đá Xay Frosty Phin-Gato là lựa chọn không thể bỏ lỡ cho tín đồ cà phê. Cà phê nguyên chất pha phin truyền thống, thơm đậm đà, đắng mượt mà, quyện cùng kem sữa béo ngậy và đá xay mát lạnh. Nhân đôi vị cà phê nhờ có thêm thạch cà phê đậm đà, giòn dai. Thức uống khơi ngay sự tỉnh táo tức thì. Lưu ý: Khuấy đều phần đá xay trước khi dùng",Thức uống đá xay,Đá xay
Trà Sữa Oolong Tứ Quý Sương Sáo,55000,http://product.hstatic.net/1000075078/product/1737358275_tra-sua-oolong-tu-quy-suong-sao_57bb48cbbc4944079b58c9219d4d1ebf_grande.png,"Trà Oolong Tứ Quý ngạt ngào hoa cỏ mùa xuân, hòa quyện cùng sữa thơm mịn màng, sương sáo thanh mát. Đó là Lộc Yêu Yêu ngọt ngào mà Nhà gửi gắm đến bạn.",Trà sữa,
Trà Đen Macchiato,55000,http://product.hstatic.net/1000075078/product/1737356708_tra-den-macchiato_7b9a7c6138ec4b99b666a0bf8612d80c_grande.png,"Trà đen được ủ mới mỗi ngày, giữ nguyên được vị chát mạnh mẽ đặc trưng của lá trà, phủ bên trên là lớp Macchiato ""homemade"" bồng bềnh quyến rũ vị phô mai mặn mặn mà béo béo.",Trà sữa,
Hồng Trà Sữa Trân Châu,55000,http://product.hstatic.net/1000075078/product/1737358261_hong-tra-sua-tran-chau_14cf4c6d514a4e76b52f641642d27e78_grande.png,"Thêm chút ngọt ngào cho ngày mới với hồng trà nguyên lá, sữa thơm ngậy được cân chỉnh với tỉ lệ hoàn hảo, cùng trân châu trắng dai giòn có sẵn để bạn tận hưởng từng ngụm trà sữa ngọt ngào thơm ngậy thiệt đã.",Trà sữa,
Trà Sữa Oolong Nướng Sương Sáo,55000,http://product.hstatic.net/1000075078/product/1737356814_ts-oolong-nuong-suong-sao_4aed3eb72fa6456b9990580c54b51b78_grande.png,"Tận hưởng hương vị Oolong nướng đậm đà được Nhà rang kỹ càng, quyện cùng sữa thơm béo, càng thêm hấp dẫn với sương sáo thanh mát.",Trà sữa,
Oolong Tứ Quý Sen (Nóng),59000,http://product.hstatic.net/1000075078/product/1737356332_oolong-tu-quy-sen-nong_df3f6ef8a6874fae8618499d8d1e2754_grande.png,"Nền trà oolong hảo hạng kết hợp cùng hạt sen tươi, bùi bùi thơm ngon. Trà hạt sen là thức uống thanh mát, nhẹ nhàng phù hợp cho cả buổi sáng và chiều tối.",Trà trái cây - Hi Tea,Trà trái cây
Hồng Trà Sữa Nóng,55000,http://product.hstatic.net/1000075078/product/1737356747_hong-tra-sua-nong_48e7bdb6ef7b44f28b48412496150d26_grande.png,"Từng ngụm trà chuẩn gu ấm áp, đậm đà beo béo bởi lớp sữa tươi chân ái hoà quyện. Trà đen nguyên lá âm ấm dịu nhẹ, quyện cùng lớp sữa thơm béo khó lẫn - hương vị ấm áp chuẩn gu trà, cho từng ngụm nhẹ nhàng, ngọt dịu lưu luyến mãi nơi cuống họng.",Trà sữa,
Dâu Phô Mai,55000,http://product.hstatic.net/1000075078/product/1737355127_tcx-dau_fa487ed301ab46a59d5bd7b57933262d_grande.png,"Dâu tây Đà Lạt chín mọng hòa quyện lớp foam phô mai tươi mềm mịn. Thêm chút Trà Oolong Tứ Quý đượm hương và thạch kim quất mềm tan càng dậy vị trái cây tươi mát. Khuấy đều để thưởng trọn vị sảng khoái. Lưu ý: Sản phẩm không kèm phao",Trà trái cây - Hi Tea,Hi Tea
Hi-Tea - Xinh Chẳng Phai,119000,http://product.hstatic.net/1000075078/product/1728912459_hi-tea-dao-1_e87b2e3e53194de397637378d495d0b7_grande.jpg,"Set quà xinh xắn, chị em nào cũng thích:
- 1 giỏ hoa hồng sáp cao cấp, mãi xinh cùng năm tháng
- 1 Hi-Tea Đào (size M)
*Món nước được phục vụ kèm đá, không để đá riêng",Trà trái cây - Hi Tea,Hi Tea
Trà Xanh - Xinh Chẳng Phai,119000,http://product.hstatic.net/1000075078/product/1728912432_tra-xanh-latte-4_453d8b006de14188b5b2294c62737357_grande.jpg,"Set quà xinh xắn, chị em nào cũng thích:
- 1 giỏ hoa hồng sáp cao cấp, mãi xinh cùng năm tháng
- 1 Trà Xanh Latte (size M)
*Món nước được phục vụ kèm đá, không để đá riêng",Matcha,
Hi-Tea - Yêu Chẳng Phai,199000,http://product.hstatic.net/1000075078/product/1728912362_hi-tea-dao_8f8a2b67a5824f00b32dc24ccdebf98e_grande.jpg,"Set quà sang trọng thay ngàn lời bày tỏ:
- 1 giỏ 10 hoa hồng sáp cao cấp, mãi yêu như ngày đầu
- 1 Hi-Tea Đào (size S) 
*Món nước được phục vụ kèm đá, không để đá riêng",Trà trái cây - Hi Tea,Hi Tea
Trà Xanh - Yêu Chẳng Phai,199000,http://product.hstatic.net/1000075078/product/1728912345_tra-xanh-latte-3_31a04df1a71045b7b7fc11e14f00d646_grande.jpg,"Set quà sang trọng thay ngàn lời bày tỏ:
- 1 giỏ 10 hoa hồng sáp cao cấp, mãi yêu như ngày đầu
- 1 Trà Xanh Latte (size S) 
*Món nước được phục vụ kèm đá, không để đá riêng",Matcha,
Trà Đào - Yêu Chẳng Phai,199000,http://product.hstatic.net/1000075078/product/1728912326_tra-dao-cam-sa-1_4446b67855664bd48ebb6582a4d7d5e0_grande.jpg,"Set quà sang trọng thay ngàn lời bày tỏ:
- 1 giỏ 10 hoa hồng sáp cao cấp, mãi yêu như ngày đầu
- 1 Trà Đào Cam Sả (size S) 
*Món nước được phục vụ kèm đá, không để đá riêng",Trà sữa,
Americano Nóng,49000,http://product.hstatic.net/1000075078/product/1737357102_ame-nong_2988095b141f4f5a8e0eb40be3b43ba6_grande.png,"Americano được pha chế bằng cách pha thêm nước với tỷ lệ nhất định vào tách cà phê Espresso, từ đó mang lại hương vị nhẹ nhàng và giữ trọn được mùi hương cà phê đặc trưng.",Cà phê,A-Mê
Mochi Kem Trà Sữa Trân Châu,19000,http://product.hstatic.net/1000075078/product/1737355411_mochi-tra-sua_5950a2ce430440d5bbe33527b7e10021_grande.png,"Ngoài dẻo thơm, trong mát lạnh với kem vị trà sữa. Một cắn là say đắm, hai cắn là ngất ngây với trân châu giòn dai. *Bánh cần được bảo quản mát và dùng ngon nhất trong vòng 2 giờ sau khi nhận hàng.",Bánh,Bánh ngọt
Bánh Mì Que Bò Nấm Xốt Bơ,22000,http://product.hstatic.net/1000075078/product/1737355257_bmq-bo-nam_160a1e2a36b14f89b3ef0c61cda229ad_grande.png,"Bò mềm thấm vị, nấm đông cô dai giòn. Rộp rộp vỏ bánh giòn rụm nóng hổi, thêm ngấu nghiến với xốt bơ béo bùi ngon số dzách.",Bánh,Bánh mặn
Bánh Mì Que Chà Bông Phô Mai Bơ Cay,22000,http://product.hstatic.net/1000075078/product/1737355270_bmq-cha-bong-pm_34e407eef2a947f28c6e9892e47b3f68_grande.png,"Aiiiii Bánh Mì Chà Bông Phô Mai hônggg? Chà bông tơi mịn đẫm phô mai Mozzarella kéo sợi, cay hít hà. Rộp rộp vỏ bánh giòn rụm nóng hổi, thêm ngấu nghiến với xốt bơ đậm đà.",Bánh,Bánh mặn
Bánh Mì Que Pate Cột Đèn,19000,http://product.hstatic.net/1000075078/product/1737355276_bmq-pate-hai-phong_8e0d00ff7cf44d4e9eb504948ed4697c_grande.png,"Aiiiii Pate Cột Đèn đậm đà thơm béo hônggg? Rộp rộp vỏ bánh nóng hổi giòn rụm, thêm ngấu nghiến với pate cùng xốt bơ trứng đẫm vị.",Bánh,Bánh mặn
Oolong Tứ Quý Dâu Trân Châu,49000,http://product.hstatic.net/1000075078/product/1737356372_oolong-tu-quy-dau_d9633516f6f84e5eab033a9155bc2f0b_grande.png,"Sảng khoái với vị dâu chín mọng chua thanh. Nền trà Oolong Tứ Quý đậm hương, ngọt thanh hậu vị. Thêm tận hưởng với trân châu trắng giòn dai.",Trà trái cây - Hi Tea,Trà trái cây
Matcha Latte Tây Bắc Sữa Yến Mạch,55000,http://product.hstatic.net/1000075078/product/1737355652_tx-latte-sym_6b3363267ba344719e7a15d3fb3893dc_grande.png,"Vị matcha êm mượt nhờ kết hợp với sữa yến mạch. *Khuấy đều để thưởng trọn hương vị.",Matcha,
Matcha Latte Tây Bắc Sữa Yến Mạch (Nóng),55000,http://product.hstatic.net/1000075078/product/1737355641_tra-xanh-latte-sua-yen-mach-nong_9ee1ee71d1f04b11b0b66d2954e2bf87_grande.png,"Vị matcha êm mượt nhờ kết hợp với sữa yến mạch (ui da nóng quá). *Khuấy đều để thưởng trọn hương vị.",Matcha,
Trà Xanh Nước Dừa,55000,http://product.hstatic.net/1000075078/product/1723623922_tra-xanh-nuoc-dua_cc213ee317cd4fb795a597f12bd15b93_grande.jpg,"Lựa chọn đậm vị matcha nhất, dành cho ai muốn thưởng thức trọn vẹn hương vị Trà Xanh Tây Bắc. *Khuấy đều để thưởng trọn hương vị. *Thức uống không giảm được độ ngọt",Matcha,
Trà Xanh Nước Dừa Yuzu,55000,http://product.hstatic.net/1000075078/product/1723623818_tra-xanh-nuoc-dua-yuzu_57cdc8e5fa88491d92a55e85eec869a4_grande.jpg,"Vị matcha ""nhẹ đô"" cho ai thích trà trái cây. *Khuấy đều để thưởng trọn hương vị.",Matcha,
Trà sữa Oolong Nướng Trân Châu,55000,http://product.hstatic.net/1000075078/product/1737356762_ts-oolong-nuong-tran-chau_0fcda91fa6e248a39a32719791726ca0_grande.png,"Hương vị chân ái đúng gu đậm đà với trà oolong được “sao” (nướng) lâu hơn cho hương vị đậm đà, hòa quyện với sữa thơm béo mang đến cảm giác mát lạnh, lưu luyến vị trà sữa đậm đà nơi vòm họng.",Trà sữa,
Trà Sữa Oolong BLao,39000,http://product.hstatic.net/1000075078/product/1737356772_tra-sua-oolong-blao_1fba203b1c0a46f38bf16672a33bd990_grande.png,"Tận hưởng hương vị núi rừng mát lành lắng đọng trong từng ngụm Trà Sữa Oolong B’Lao của Nhà. Từng lá trà được Nhà chắt chiu từ B’Lao (Lâm Đồng), sao (rang) kỹ càng để giữ trọn vị Oolong đậm đà, quyện cùng sữa thơm béo, hấp dẫn.",Trà sữa,
Oolong Berry,69000,http://product.hstatic.net/1000075078/product/1700837685_tra-sua-oolong-berry-ly-thuy-tinh_ba865acfd16c40b8b7c066299031e88e_grande.jpg,"Cắn một cái, chua chua ngọt ngọt ngon đến từng tế bào với chiếc Mochi Kem Phúc Bồn Tử! Hút một ngụm, mê luôn Trà Oolong Sữa dịu êm quyện vị dâu, cùng lớp foam phô mai phủ vụn bánh quy phô mai mằn mặn. Món không thể thiếu đá, để ngoại hình và chất lượng được đảm bảo.",Trà trái cây - Hi Tea,Trà trái cây
Trà sữa Oolong Nướng (Nóng),55000,http://product.hstatic.net/1000075078/product/1737356755_ts-oolong-nuong-nong_f9c969a90aeb4fe19d9c1fda4ae1512a_grande.png,"Đậm đà chuẩn gu và ấm nóng - bởi lớp trà oolong nướng đậm vị hoà cùng lớp sữa thơm béo. Hương vị chân ái đúng gu đậm đà - trà oolong được ""sao"" (nướng) lâu hơn cho vị đậm đà, hoà quyện với sữa thơm ngậy. Cho từng ngụm ấm áp, lưu luyến vị trà sữa đậm đà mãi nơi cuống họng.",Trà sữa,
Cappuccino Đá,55000,http://product.hstatic.net/1000075078/product/1737357118_cappucio-da_9adfe1f331a348068d265e7ce3f5d35e_grande.png,"Capuchino là thức uống hòa quyện giữa hương thơm của sữa, vị béo của bọt kem cùng vị đậm đà từ cà phê Espresso. Tất cả tạo nên một hương vị đặc biệt, một chút nhẹ nhàng, trầm lắng và tinh tế.",Cà phê,Espresso
Caramel Macchiato Đá,65000,http://product.hstatic.net/1000075078/product/1737357135_caramel-macchiato-da_d0a3250162e6427ab8808d8bc35012ec_grande.png,"Khuấy đều trước khi sử dụng Caramel Macchiato sẽ mang đến một sự ngạc nhiên thú vị khi vị thơm béo của bọt sữa, sữa tươi, vị đắng thanh thoát của cà phê Espresso hảo hạng và vị ngọt đậm của sốt caramel được gói gọn trong một tách cà phê.",Cà phê,Espresso
Bạc Xỉu Nóng,39000,http://product.hstatic.net/1000075078/product/1737357029_bac-xiu-nong_e0a0732dee144dfda4e3cb43949ce065_grande.png,"Bạc xỉu chính là ""Ly sữa trắng kèm một chút cà phê"". Thức uống này rất phù hợp những ai vừa muốn trải nghiệm chút vị đắng của cà phê vừa muốn thưởng thức vị ngọt béo ngậy từ sữa.",Cà phê,Cà phê phin
Bạc Xỉu,39000,http://product.hstatic.net/1000075078/product/1737357020_bac-xiu-da_43a593b61b8e44379111a9ebb00904d9_grande.png,"Bạc xỉu chính là ""Ly sữa trắng kèm một chút cà phê"". Thức uống này rất phù hợp những ai vừa muốn trải nghiệm chút vị đắng của cà phê vừa muốn thưởng thức vị ngọt béo ngậy từ sữa.",Cà phê,Cà phê phin
Cà Phê Sữa Đá,39000,http://product.hstatic.net/1000075078/product/1737357012_cfsd_cae7e8bac4f74b95b3b5e3b61500b8f1_grande.png,"Cà phê Đắk Lắk nguyên chất được pha phin truyền thống kết hợp với sữa đặc tạo nên hương vị đậm đà, hài hòa giữa vị ngọt đầu lưỡi và vị đắng thanh thoát nơi hậu vị.",Cà phê,Cà phê phin
Cà Phê Đen Đá,39000,http://product.hstatic.net/1000075078/product/1737356988_cf-den-da_25422ed38d5a4696bc1af22266ac7589_grande.png,"Không ngọt ngào như Bạc sỉu hay Cà phê sữa, Cà phê đen mang trong mình phong vị trầm lắng, thi vị hơn. Người ta thường phải ngồi rất lâu mới cảm nhận được hết hương thơm ngào ngạt, phảng phất mùi cacao và cái đắng mượt mà trôi tuột xuống vòm họng.",Cà phê,Cà phê phin
Cappuccino Nóng,55000,http://product.hstatic.net/1000075078/product/1737357108_cappucino-nong_f78c106928fe4c418906763d3dfa4b29_grande.png,"Capuchino là thức uống hòa quyện giữa hương thơm của sữa, vị béo của bọt kem cùng vị đậm đà từ cà phê Espresso. Tất cả tạo nên một hương vị đặc biệt, một chút nhẹ nhàng, trầm lắng và tinh tế.",Cà phê,Espresso
Caramel Macchiato Nóng,55000,http://product.hstatic.net/1000075078/product/1737357126_caramel-macchiato-nong_92ab6d4b88dc4842b42c0ee6ad523392_grande.png,"Caramel Macchiato sẽ mang đến một sự ngạc nhiên thú vị khi vị thơm béo của bọt sữa, sữa tươi, vị đắng thanh thoát của cà phê Espresso hảo hạng và vị ngọt đậm của sốt caramel được gói gọn trong một tách cà phê.",Cà phê,Espresso
Latte Nóng,59000,http://product.hstatic.net/1000075078/product/1737357451_latte-nong_5072d19ea4af4c28a1f9f307e49d3af9_grande.png,"Một sự kết hợp tinh tế giữa vị đắng cà phê Espresso nguyên chất hòa quyện cùng vị sữa nóng ngọt ngào, bên trên là một lớp kem mỏng nhẹ tạo nên một tách cà phê hoàn hảo về hương vị lẫn nhãn quan.",Cà phê,Cà phê máy
Espresso Nóng,45000,http://product.hstatic.net/1000075078/product/1737357444_espresso-nong_2ac99445a9fc4619a45761a5023b538c_grande.png,"Một tách Espresso nguyên bản được bắt đầu bởi những hạt Arabica chất lượng, phối trộn với tỉ lệ cân đối hạt Robusta, cho ra vị ngọt caramel, vị chua dịu và sánh đặc.",Cà phê,Espresso
Cà Phê Sữa Nóng,39000,http://product.hstatic.net/1000075078/product/1737356996_cfs-nong_b67f6d43e52948209dee212446981bb5_grande.png,"Cà phê được pha phin truyền thống kết hợp với sữa đặc tạo nên hương vị đậm đà, hài hòa giữa vị ngọt đầu lưỡi và vị đắng thanh thoát nơi hậu vị.",Cà phê,Cà phê phin
Cà Phê Đen Nóng,39000,http://product.hstatic.net/1000075078/product/1737356979_cf-den-nong_3ce91ffbdc04405b93855cd3b5d5aec2_grande.png,"Không ngọt ngào như Bạc sỉu hay Cà phê sữa, Cà phê đen mang trong mình phong vị trầm lắng, thi vị hơn. Người ta thường phải ngồi rất lâu mới cảm nhận được hết hương thơm ngào ngạt, phảng phất mùi cacao và cái đắng mượt mà trôi tuột xuống vòm họng.",Cà phê,Cà phê phin
Mít Sấy,20000,http://product.hstatic.net/1000075078/product/1737355404_mit-say_9875ab69144b4fcc9d07535bfb58c92d_grande.png,"Mít sấy khô vàng ươm, giòn rụm, giữ nguyên được vị ngọt lịm của mít tươi.",Bánh,Bánh ngọt
Cà Phê Đen Đá Túi (30 gói x 16g),129000,http://product.hstatic.net/1000075078/product/1714646862_1697446642-ca-phe-den-da-tui-400x400_49fc459ba68a4bad8f67a12e3dd32ac4_grande.jpg,"Cà Phê Đen Đá hoà tan The Coffee House với 100% hạt cà phê Robusta mang đến hương vị mạnh cực bốc, đậm đắng đầy lôi cuốn, đúng gu người Việt.",Cà phê gói mang đi,
Cà Phê Đen Đá Hộp (14 gói x 16g),66000,http://product.hstatic.net/1000075078/product/1737355913_cpg-cf-den-da_86b32f9f765b4501930928b6c9902bad_grande.png,"Cà Phê Đen Đá hoà tan The Coffee House với 100% hạt cà phê Robusta mang đến hương vị mạnh cực bốc, đậm đắng đầy lôi cuốn, đúng gu người Việt.",Cà phê gói mang đi,
Cà Phê Hoà Tan Đậm Vị Việt (18 gói x 16 gam),55000,http://product.hstatic.net/1000075078/product/1714646564_1639648313-ca-phe-sua-da-hoa-tan-dam-vi-viet-400x400_17b14c9ae60b4d3d9d16d2828291b54c_grande.jpg,Bắt đầu ngày mới với tách cà phê sữa “Đậm vị Việt” mạnh mẽ sẽ giúp bạn luôn tỉnh táo và hứng khởi cho ngày làm việc thật hiệu quả.,Cà phê gói mang đi,
Cà Phê Sữa Đá Hòa Tan Túi 25x22G,127000,http://product.hstatic.net/1000075078/product/1737357663_cpg-cfsd-tui_f866066067b44f9b9258c2240a54b9ac_grande.png,"Thật dễ dàng để bắt đầu ngày mới với tách cà phê sữa đá sóng sánh, thơm ngon như cà phê pha phin. Vị đắng thanh của cà phê hoà quyện với vị ngọt béo của sữa, giúp bạn luôn tỉnh táo và hứng khởi cho ngày làm việc thật hiệu quả.",Cà phê gói mang đi,
Cà Phê Rang Xay Original 1 250G,82000,http://product.hstatic.net/1000075078/product/1737355876_cpg-cfrang-xay-original-1_c455a9b10e2b4a15a4dc891eddf10ca1_grande.png,"Cà phê Original 1 của The Coffee House với thành phần chính cà phê Robusta Đắk Lắk, vùng trồng cà phê nổi tiếng nhất Việt Nam. Bằng cách áp dụng kỹ thuật rang xay hiện đại, Cà phê Original 1 mang đến trải nghiệm tuyệt vời khi uống cà phê tại nhà với hương vị đậm đà truyền thống hợp khẩu vị của giới trẻ sành cà phê.",Cà phê gói mang đi,
Cà Phê Sữa Đá Hòa Tan (10 gói x 22g),53000,http://product.hstatic.net/1000075078/product/1737355883_cpg-cfsd-hop_a606b4630aa448ec9d00e23b5ed8dd92_grande.png,"Thật dễ dàng để bắt đầu ngày mới với tách cà phê sữa đá sóng sánh, thơm ngon như cà phê pha phin. Vị đắng thanh của cà phê hoà quyện với vị ngọt béo của sữa, giúp bạn luôn tỉnh táo và hứng khởi cho ngày làm việc thật hiệu quả.",Cà phê gói mang đi,
Spaghetti Bò Bằm,59000,http://product.hstatic.net/1000075078/product/1737355477_spaghetti_293130dd42c94b7f991ebcd01b8dfb3b_grande.png,"Sợi mì Ý mềm dai, rưới thêm sốt bò bằm cà chua sánh mịn, thơm lừng. Gắp một gắp, muốn gắp thêm mãi thôi!",Đồ ăn chế biến,
Cơm Chiên Hải Sản,49000,http://product.hstatic.net/1000075078/product/1737355484_com-chien-hs_31b4cbd34cb44927a461b2798da683aa_grande.png,"Cơm chiên đầy ắp hải sản, thêm rau củ ngũ sắc giàu vitamin. Cơm ST dẻo thơm lắm, mời bạn thưởng thức nha!",Đồ ăn chế biến,
Oolong Tứ Quý Vải,49000,http://product.hstatic.net/1000075078/product/1737356353_oolong-tu-quy-vai_f12d34a153334a7697360762675428fb_grande.png,"Đậm hương trà, thanh mát sắc xuân với Oolong Tứ Quý Vải. Cảm nhận hương hoa đầu mùa, hòa quyện cùng vị vải chín mọng căng tràn sức sống.",Trà trái cây - Hi Tea,Trà trái cây
Oolong Tứ Quý Kim Quất Trân Châu,49000,http://product.hstatic.net/1000075078/product/1737356364_oolong-kim-quat-tran-chau_52e8184ea277407b8ec80e795316b47b_grande.png,"Đậm hương trà, sảng khoái du xuân cùng Oolong Tứ Quý Kim Quất Trân Châu. Vị nước cốt kim quất tươi chua ngọt, thêm trân châu giòn dai.",Trà trái cây - Hi Tea,Trà trái cây
Hi-Tea Đá Tuyết Mận Muối Trân Châu,59000,http://product.hstatic.net/1000075078/product/1705920511_da-tuyet-man-muoi-tran-chau_8186d1d256534ec5b292ecff1deb4e10_grande.jpg,"“Have a mặn mà” từ mận muối xay cùng đá tuyết, quyện với vị trà hoa Hibiscus chua dịu và trân châu trắng giòn dai, Hi-Tea Đá Tuyết Mận Muối Trân Châu Trắng là thức uống “must try” cho những chuyến du xuân.",Trà trái cây - Hi Tea,Hi Tea
Hi-Tea Dâu Tây Mận Muối Trân Châu,49000,http://product.hstatic.net/1000075078/product/1705920578_hi-tea-dau-tay-man-muoi-tran-chau_c6012a28ce5740169473a8d52a17a735_grande.jpg,"Mặn ngọt có nhau nhờ sự kết hợp của trà hoa Hibiscus chua thanh, mận muối mằn mặn, dâu tây tươi Đà Lạt cô đặc ngọt dịu và trân châu trắng giòn dai. Nhấp một ngụm mát rượi như lạc giữa vườn xuân.",Trà trái cây - Hi Tea,Hi Tea
Hi-Tea Kim Quất Bưởi Hồng Mandarin,65000,http://product.hstatic.net/1000075078/product/1705930644_hi-tea-buoi-kim-quat-min_85c0583c04fa45b7bed203818d3c13c5_grande.jpg,"Vita-xuân tươi mới, 100% healthy từ nền trà Hi-Tea 0 caffeine, nước cốt kim quất, bưởi hồng nguyên tép và quýt mọng nước. Đó là Lộc Xinh Xinh cho mỗi ngày đều xuân thì!",Trà trái cây - Hi Tea,Hi Tea
Butter Croissant Sữa Đặc,35000,http://product.hstatic.net/1000075078/product/1737355374_croissant-sua-dac_6c48c99afd904d78b81e821df12a1dba_grande.png,"Bánh Butter Croissant bạn đã yêu, nay yêu không lối thoát khi được chấm cùng sữa đặc. Thơm bơ mịn sữa, ngọt ngào lòng nhau!",Bánh,Bánh ngọt
Trà Đào Cam Sả - Nóng,59000,http://product.hstatic.net/1000075078/product/1737356382_oolong-tu-quy-sen-nong-copy_79b957510bcb4e6f8bb7d938f0448ab9_grande.png,"Vị thanh ngọt của đào, vị chua dịu của Cam Vàng nguyên vỏ, vị chát của trà đen tươi được ủ mới mỗi 4 tiếng, cùng hương thơm nồng đặc trưng của sả chính là điểm sáng làm nên sức hấp dẫn của thức uống này.",Trà trái cây - Hi Tea,Trà trái cây
Trà Đào Cam Sả - Đá,49000,http://product.hstatic.net/1000075078/product/1737356280_tra-dao-cam-sa_9c46cceef5004e689b746e8ec0e47c34_grande.png,"Vị thanh ngọt của đào, vị chua dịu của Cam Vàng nguyên vỏ, vị chát của trà đen tươi được ủ mới mỗi 4 tiếng, cùng hương thơm nồng đặc trưng của sả chính là điểm sáng làm nên sức hấp dẫn của thức uống này.",Trà trái cây - Hi Tea,Trà trái cây
Frosty Bánh Kem Dâu,59000,http://product.hstatic.net/1000075078/product/1737355736_fosty-banh-kem-dau_82e75c2b5f134dea8500b6fa5fd7d0fb_grande.png,"Bồng bềnh như một đám mây, Đá Xay Frosty Bánh Kem Dâu vừa ngon mắt vừa chiều vị giác bằng sự ngọt ngào. Bắt đầu bằng cái chạm môi với lớp kem whipping cream, cảm nhận ngay vị beo béo lẫn sốt dâu thơm lừng. Sau đó, hút một ngụm là cuốn khó cưỡng bởi đá xay mát lạnh quyện cùng sốt dâu ngọt dịu. Lưu ý: Khuấy đều phần đá xay trước khi dùng",Thức uống đá xay,Đá xay
Matcha Latte Tây Bắc (Nóng),49000,http://product.hstatic.net/1000075078/product/1737355604_tx-latte-nong_1de56d94ccf446b9ac8826653bef5842_grande.png,"Trà Xanh Latte (Nóng) là phiên bản rõ vị trà nhất. Nhấp một ngụm, bạn chạm ngay vị trà xanh Tây Bắc chát nhẹ hoà cùng sữa nguyên kem thơm béo, đọng lại hậu vị ngọt ngào, êm dịu. Không chỉ là thức uống tốt cho sức khoẻ, Trà Xanh Latte (Nóng) còn là cái ôm ấm áp của đồng bào Tây Bắc gửi cho người miền xuôi.",Matcha,
Frosty Trà Xanh,59000,http://product.hstatic.net/1000075078/product/1737355584_frosty-tx_a76cfe4994fc418d9298a932bf9854d7_grande.png,"Đá Xay Frosty Trà Xanh như lời mời mộc mạc, ghé thăm Tây Bắc vào những ngày tiết trời se lạnh, núi đèo mây phủ. Vị chát dịu, ngọt thanh của trà xanh Tây Bắc kết hợp đá xay sánh mịn, whipping cream bồng bềnh và bột trà xanh trên cùng thêm đậm vị. Đây không chỉ là thức uống mát lạnh bật mood, mà còn tốt cho sức khoẻ nhờ giàu vitamin và các chất chống oxy hoá.",Thức uống đá xay,Đá xay
Matcha Latte Tây Bắc,45000,http://product.hstatic.net/1000075078/product/1737355612_tx-latte_6909ebc57c8e4b1e9aeef7e5ecdd5f9d_grande.png,"Best seller của Nhà - rất phù hợp cho ai muốn nhập môn matcha. *Khuấy đều để thưởng trọn hương vị.",Matcha,
Trà Xanh Tây Bắc,69000,http://product.hstatic.net/1000075078/product/1700837665_tra-sua-tra-xanh-tay-bac-ly-thuy-tinh_ce58610fc6ae4af4ae6b3aa9c8dccfde_grande.jpg,"Không thể rời môi với Mochi Kem Matcha dẻo mịn, núng nính. Trà Xanh Tây Bắc vị mộc hoà quyện sữa tươi, foam phô mai beo béo và vụn bánh quy giòn tan, là lựa chọn đậm không khí lễ hội. Món không thể thiếu đá, để ngoại hình và chất lượng được đảm bảo.",Matcha,
Butter Croissant,29000,http://product.hstatic.net/1000075078/product/1737355250_croissant_edd90f1e46f84bcb978bdfc6a0fa0141_grande.png,"Cắn một miếng, vỏ bánh ngàn lớp giòn thơm bơ béo, rồi mịn tan trong miệng. Cực dính khi nhâm nhi Butter Croissant với cà phê hoặc chấm cùng các món nước có foam trứng của Nhà",Bánh,Bánh mặn
Hi-Tea Đào,49000,http://product.hstatic.net/1000075078/product/1737356480_hi-tea-dao_e0d14e25a6af4a2f8e551af12d9b3b95_grande.png,"Sự kết hợp ăn ý giữa Đào cùng trà hoa Hibiscus, tạo nên tổng thể hài hoà dễ gây “thương nhớ” cho team thích món thanh mát, có vị chua nhẹ.",Trà trái cây - Hi Tea,Hi Tea
Hi-Tea Vải,49000,http://product.hstatic.net/1000075078/product/1737356461_hi-tea-vai_5cae2b0e46b846c6b596f5bdf61a43a2_grande.png,"Chút ngọt ngào của Vải, mix cùng vị chua thanh tao từ trà hoa Hibiscus, mang đến cho bạn thức uống đúng chuẩn vừa ngon, vừa healthy.",Trà trái cây - Hi Tea,Hi Tea
Hi-Tea Yuzu Trân Châu,49000,http://product.hstatic.net/1000075078/product/1737365865_hi-tea-yuzu-tran-chau_e534c7fd2f9648dd8c38af0c51e10725_grande.png,"Không chỉ nổi bật với sắc đỏ đặc trưng từ trà hoa Hibiscus, Hi-Tea Yuzu còn gây ấn tượng với topping Yuzu (quýt Nhật) lạ miệng, kết hợp cùng trân châu trắng dai giòn sần sật, nhai vui vui.",Trà trái cây - Hi Tea,Hi Tea
Mousse Matcha,29000,http://product.hstatic.net/1000075078/product/5d92fbc89e12b47db8cabbd2_matcha_942506_35f45bdaa8944748bc7371612704c786_grande.jpg,Khám phá từng tầng vị trà xanh thơm lừng xen kẽ lớp kéo béo dịu với đậu đỏ.,Bánh,Bánh ngọt
Mousse Tiramisu,35000,http://product.hstatic.net/1000075078/product/1737355334_tiramisu_02b51263d15e419aa7da19528c369fa3_grande.png,"Hương vị dễ ghiền được tạo nên bởi chút đắng nhẹ của cà phê, lớp kem trứng béo ngọt dịu hấp dẫn",Bánh,Bánh ngọt
Mousse Gấu Chocolate,39000,http://product.hstatic.net/1000075078/product/1737355325_mouse-gau-choco_5955c2483e1c47ad923d5fb402aa038e_grande.png,"Với vẻ ngoài đáng yêu và hương vị ngọt ngào, thơm béo nhất định bạn phải thử ít nhất 1 lần.",Bánh,Bánh ngọt
Mochi Kem Matcha,19000,http://product.hstatic.net/1000075078/product/1737355341_mochi-matcha_c8c0db21b77349b0adb23bd6ff0da2a2_grande.png,"Bao bọc bởi lớp vỏ Mochi dẻo thơm, bên trong là lớp kem lạnh cùng nhân trà xanh đậm vị. Gọi 1 chiếc Mochi cho ngày thật tươi mát. Sản phẩm phải bảo quán mát và dùng ngon nhất trong 2h sau khi nhận hàng.",Bánh,Bánh ngọt
Mochi Kem Chocolate,19000,http://product.hstatic.net/1000075078/product/1737355348_mochi-choco_625d69b4f92d4cb3b2814bcb24a094ba_grande.png,"Bao bọc bởi lớp vỏ Mochi dẻo thơm, bên trong là lớp kem lạnh cùng nhân chocolate độc đáo. Gọi 1 chiếc Mochi cho ngày thật tươi mát. Sản phẩm phải bảo quán mát và dùng ngon nhất trong 2h sau khi nhận hàng.",Bánh,Bánh ngọt
Mochi Kem Việt Quất,19000,http://product.hstatic.net/1000075078/product/1737355361_mochi-viet-quat_059d54c9074b4ad89f8a27eff9e3e709_grande.png,"Bao bọc bởi lớp vỏ Mochi dẻo thơm, bên trong là lớp kem lạnh cùng nhân việt quất đặc trưng thơm thơm, ngọt dịu. Gọi 1 chiếc Mochi cho ngày thật tươi mát. Sản phẩm phải bảo quán mát và dùng ngon nhất trong 2h sau khi nhận hàng.",Bánh,Bánh ngọt
Mochi Kem Phúc Bồn Tử,19000,http://product.hstatic.net/1000075078/product/1737355355_mochi-phuc-bon-tu_ac9e0f60acbf43f89a7f6b1a0bcc743c_grande.png,"Bao bọc bởi lớp vỏ Mochi dẻo thơm, bên trong là lớp kem lạnh cùng nhân phúc bồn tử ngọt ngào. Gọi 1 chiếc Mochi cho ngày thật tươi mát. Sản phẩm phải bảo quán mát và dùng ngon nhất trong 2h sau khi nhận hàng.",Bánh,Bánh ngọt
Chà Bông Phô Mai,39000,http://product.hstatic.net/1000075078/product/1737355233_bami-cha-bong-pho-mai_9a05ef95cc8649b6b9292a027f5208dd_grande.png,"Chiếc bánh với lớp phô mai vàng sánh mịn bên trong, được bọc ngoài lớp vỏ xốp mềm thơm lừng. Thêm lớp chà bông mằn mặn hấp dẫn bên trên.",Bánh,Bánh mặn
Croissant trứng muối,39000,http://product.hstatic.net/1000075078/product/1737355222_croissant-trung-muoi_9df010a37f134f2d9510881b5b7f082e_grande.png,"Croissant trứng muối thơm lừng, bên ngoài vỏ bánh giòn hấp dẫn bên trong trứng muối vị ngon khó cưỡng.",Bánh,Bánh mặn
Chocolate Nóng,55000,http://product.hstatic.net/1000075078/product/1737355571_chocolate-nong_c7331fe6900b403c83633a435f3527ac_grande.png,"Bột chocolate nguyên chất hoà cùng sữa tươi béo ngậy. Vị ngọt tự nhiên, không gắt cổ, để lại một chút đắng nhẹ, cay cay trên đầu lưỡi.",Trà sữa,
Chocolate Đá,55000,http://product.hstatic.net/1000075078/product/1737355560_chocolate-da_93e902464187494a8d309db309796206_grande.png,"Bột chocolate nguyên chất hoà cùng sữa tươi béo ngậy, ấm nóng. Vị ngọt tự nhiên, không gắt cổ, để lại một chút đắng nhẹ, cay cay trên đầu lưỡi.",Trà sữa,
